radionuclide,CL_lim,TFA_dt,FMA_dt,FMA_ct,FMA_lim,FMA_alpha,LNC_std,LNC_cern
Ac-224,100.0,0.0,0.0,0,0.0,0,0.0,0.0592
Ac-225,10.0,0.0,0.0,0,0.0,0,0.0,0.0025
Ac-226,100.0,0.0,0.0,0,0.0,0,0.0,0.0497
Ac-227,0.01,0.1,0.1,10,3100.0,3,0.0,1e-05
Ac-228,10.0,0.0,0.0,0,0.0,0,0.399,0.418
Ag-102,10.0,0.0,0.0,0,0.0,0,0.0,1.46
Ag-103,10.0,0.0,0.0,0,0.0,0,0.0,0.397
Ag-104,10.0,0.0,0.0,0,0.0,0,0.0,1.35
Ag-104m,10.0,0.0,0.0,0,0.0,0,0.0,0.586
Ag-105,1.0,0.0,0.0,0,0.0,0,0.0,0.262
Ag-106,10.0,0.0,0.0,0,0.0,0,0.0,0.425
Ag-106m,1.0,0.0,0.0,0,0.0,0,0.0,1.41
Ag-108,0.1,0.0,0.0,0,0.0,0,0.0,0.0
Ag-108m,0.1,0.00025,0.01,0,1400.0,1,0.0,0.944
Ag-110 ,0.0,0.0,0.0,0,0.0,0,0.0,0.0
Ag-110m,0.1,0.1,10.0,20000,120000000.0,1,1.41,1.4
Ag-111,100.0,0.0,0.0,0,0.0,0,0.0,0.0151
Ag-112,10.0,0.0,0.0,0,0.0,0,0.0,0.299
Ag-115,10.0,0.0,0.0,0,0.0,0,0.0,0.164
Al-26,0.1,0.1,1.0,0,0.0,1,0.0,0.999
Al-28,10.0,0.0,0.0,0,0.0,0,0.0,0.48
Am-237,100.0,0.0,0.0,0,0.0,0,0.0,0.15
Am-238,10.0,0.0,0.0,0,0.0,0,0.0,0.394
Am-239,100.0,0.0,0.0,0,0.0,0,0.0,0.047
Am-240,10.0,0.0,0.0,0,0.0,0,0.0,0.472
Am-241,0.1,0.1,10.0,3700,0.0,2,0.0,1e-05
Am-242,1000.0,0.0,0.0,0,0.0,0,0.0,0.0003
Am-242m,0.1,0.1,1.0,3700,0.0,2,0.0,2e-05
Am-243,0.1,0.1,0.1,3700,0.0,2,0.0,0.00011
Am-244,10.0,0.0,0.0,0,0.0,0,0.0,0.421
Am-244m,10000.0,0.0,0.0,0,0.0,0,0.0,0.0068
Am-245,1000.0,0.0,0.0,0,0.0,0,0.0,0.0093
Am-246,10.0,0.0,0.0,0,0.0,0,0.0,0.425
Am-246m,10.0,0.0,0.0,0,0.0,0,0.0,0.467
Ar-37,0.0,0.0,1.0,0,0.0,1,0.0,0.0
Ar-39,0.0,10.0,1.0,0,0.0,1,0.0,0.0
Ar-41,0.0,0.0,0.0,0,0.0,0,0.0,0.494
Ar-42,0.0,10.0,1.0,0,0.0,1,0.0,0.0
As-69,10.0,0.0,0.0,0,0.0,0,0.0,0.65
As-70,10.0,0.0,0.0,0,0.0,0,0.0,1.84
As-71,10.0,0.0,0.0,0,0.0,0,0.0,0.299
As-72,10.0,0.0,0.0,0,0.0,0,0.0,0.988
As-73,1000.0,0.0,0.0,0,0.0,0,0.0,0.0
As-74,10.0,0.0,0.0,0,0.0,0,0.0,0.455
As-76,10.0,0.0,0.0,0,0.0,0,0.0,0.224
As-77,1000.0,0.0,0.0,0,0.0,0,0.0,0.00425
As-78,10.0,0.0,0.0,0,0.0,0,0.0,0.576
At-207,10.0,0.0,0.0,0,0.0,0,0.0,0.841
At-211,1000.0,0.0,0.0,0,0.0,0,0.0,0.00106
Au-193,100.0,0.0,0.0,0,0.0,0,0.0,0.0437
Au-194,10.0,0.0,0.0,0,0.0,0,0.0,0.405
Au-195,10.0,10.0,1.0,0,0.0,1,0.0,0.00021
Au-196,10.0,0.0,0.0,0,0.0,0,0.0,0.245
Au-198,10.0,0.0,0.0,0,0.0,0,0.0,0.241
Au-198m,10.0,0.0,0.0,0,0.0,0,0.0,0.178
Au-199,100.0,0.0,0.0,0,0.0,0,0.0,0.0274
Au-200,100.0,0.0,0.0,0,0.0,0,0.0,0.122
Au-200m,10.0,0.0,0.0,0,0.0,0,0.0,1.11
Au-201,100.0,0.0,0.0,0,0.0,0,0.0,0.0192
Ba-126,100.0,0.0,0.0,0,0.0,0,0.0,0.277
Ba-128,100.0,0.0,0.0,0,0.0,0,0.0,0.0224
Ba-131,10.0,0.0,0.0,0,0.0,0,0.0,0.246
Ba-131m,100.0,0.0,0.0,0,0.0,0,0.0,0.00128
Ba-133,0.1,0.1,1.0,0,0.0,1,0.18,0.193
Ba-133m,100.0,0.0,0.0,0,0.0,0,0.0,0.0263
Ba-135m,100.0,0.0,0.0,0,0.0,0,0.0,0.0227
Ba-137m,0.1,0.0,0.0,0,0.0,0,0.0,0.349
Ba-139,100.0,0.0,0.0,0,0.0,0,0.0,0.0148
Ba-140,1.0,0.0,0.0,0,0.0,0,0.0,0.103
Ba-141,100.0,0.0,0.0,0,0.0,0,0.0,0.432
Ba-142,100.0,0.0,0.0,0,0.0,0,0.0,0.494
Be-10,100.0,0.01,0.0001,0,5100.0,1,0.0,0.0
Be-7,10.0,0.0,0.0,0,0.0,0,0.0327,0.0303
Bi-200,10.0,0.0,0.0,0,0.0,0,0.0,1.2
Bi-201,10.0,0.0,0.0,0,0.0,0,0.0,0.619
Bi-202,10.0,0.0,0.0,0,0.0,0,0.0,1.27
Bi-203,10.0,0.0,0.0,0,0.0,0,0.0,0.793
Bi-205,10.0,0.0,0.0,0,0.0,0,0.0,0.631
Bi-206,1.0,0.0,0.0,0,0.0,0,0.0,1.55
Bi-207,0.1,0.1,1.0,0,0.0,1,0.712,0.741
Bi-208,0.01,0.1,1.0,0,0.0,1,0.0,0.448
Bi-210,1000.0,0.0,0.0,0,0.0,0,0.0,0.0
Bi-210m,0.1,1.0,0.1,3700,0.0,2,0.0,0.137
Bi-211,100.0,0.0,0.0,0,0.0,0,0.0,0.0268
Bi-212,10.0,0.0,0.0,0,0.0,0,0.0585,0.0493
Bi-213,100.0,0.0,0.0,0,0.0,0,0.0,0.0739
Bi-214,10.0,0.0,0.0,0,0.0,0,0.0,0.573
Bk-245,100.0,0.0,0.0,0,0.0,0,0.0,0.0551
Bk-246,10.0,0.0,0.0,0,0.0,0,0.0,0.408
Bk-247,0.1,0.1,0.1,3700,0.0,2,0.0,0.0427
Bk-249,100.0,0.1,1.0,3700,0.0,2,0.0,0.0
Bk-250,10.0,0.0,0.0,0,0.0,0,0.0,0.435
Br-74,10.0,0.0,0.0,0,0.0,0,0.0,1.23
Br-74m,10.0,0.0,0.0,0,0.0,0,0.0,1.51
Br-75,10.0,0.0,0.0,0,0.0,0,0.0,0.707
Br-76,10.0,0.0,0.0,0,0.0,0,0.0,1.08
Br-77,10.0,0.0,1.0,0,0.0,1,0.0,0.178
Br-80,100.0,0.0,0.0,0,0.0,0,0.0,0.0448
Br-80m,1000.0,0.0,0.0,0,0.0,0,0.0,0.0
Br-82,1.0,0.0,1.0,0,0.0,1,0.0,1.36
Br-83,1000.0,0.0,0.0,0,0.0,0,0.0,0.00417
Br-84,10.0,0.0,0.0,0,0.0,0,0.0,0.444
C-11,10.0,0.0,0.0,0,0.0,0,0.0,0.62
C-14,1.0,0.1,1.0,3700,92000.0,1,0.0,0.0
Ca-41,100.0,0.01,0.0001,0,300000.0,1,0.0,0.0
Ca-45,100.0,0.0,0.0,0,0.0,0,0.0,0.0
Ca-47,10.0,0.0,0.0,0,0.0,0,0.0,0.379
Cd-104,100.0,0.0,0.0,0,0.0,0,0.0,0.114
Cd-107,1000.0,0.0,0.0,0,0.0,0,0.0,0.00261
Cd-109,1.0,10.0,1.0,0,0.0,1,0.0,0.0
Cd-113,0.1,0.0,0.0,0,0.0,0,0.0,0.0
Cd-113m,0.1,10.0,1.0,0,0.0,1,0.0,4e-05
Cd-115,10.0,0.0,0.0,0,0.0,0,0.0,0.116
Cd-115m,100.0,0.0,0.0,0,0.0,0,0.0,0.0154
Cd-117,10.0,0.0,0.0,0,0.0,0,0.0,0.446
Cd-117m,10.0,0.0,0.0,0,0.0,0,0.0,0.715
Ce-134,1000.0,0.0,0.0,0,0.0,0,0.0,0.00058
Ce-135,10.0,0.0,0.0,0,0.0,0,0.0,0.442
Ce-137,1000.0,0.0,0.0,0,0.0,0,0.0,0.0062
Ce-137m,100.0,0.0,0.0,0,0.0,0,0.0,0.0184
Ce-139,1.0,0.0,0.0,0,0.0,0,0.0,0.0437
Ce-141,100.0,0.0,0.0,0,0.0,0,0.0,0.0177
Ce-143,10.0,0.0,0.0,0,0.0,0,0.0,0.14
Ce-144,10.0,1.0,1.0,9000,88000000.0,1,0.024,0.00286
Cf-244,10000.0,0.0,0.0,0,0.0,0,0.0,0.0
Cf-246,1000.0,0.0,0.0,0,0.0,0,0.0,0.0
Cf-248,1.0,1.0,0.1,3700,0.0,3,0.0,0.0
Cf-249,0.1,0.1,0.1,3700,0.0,2,0.0,0.188
Cf-250,1.0,0.1,0.1,3700,0.0,3,0.0,0.0
Cf-251,0.1,0.1,0.1,3700,0.0,2,0.0,0.0247
Cf-252,1.0,0.1,0.1,3700,0.0,3,0.0,0.0
Cf-253,100.0,0.0,0.0,0,0.0,0,0.0,0.0
Cf-254,1.0,0.0,0.0,0,0.0,0,0.0,0.0
Cl-36,1.0,0.01,0.01,0,5.0,1,0.0,9e-05
Cl-38,10.0,0.0,0.0,0,0.0,0,0.0,0.368
Cl-39,10.0,0.0,0.0,0,0.0,0,0.0,0.545
Cm-238,100.0,0.0,0.0,0,0.0,0,0.0,0.0
Cm-240,100.0,0.0,0.0,0,0.0,0,0.0,0.0
Cm-241,10.0,0.0,0.0,0,0.0,0,0.0,0.242
Cm-242,10.0,0.0,0.0,0,0.0,0,0.0,0.0
Cm-243,1.0,0.1,0.1,3700,0.0,3,0.0,0.0381
Cm-244,1.0,0.1,0.1,3700,0.0,3,0.0,0.0
Cm-245,0.1,0.1,0.1,3700,0.0,2,0.0,0.00881
Cm-246,0.1,0.1,0.1,3700,0.0,2,0.0,0.0
Cm-247,0.1,0.1,0.1,3700,0.0,2,0.0,0.185
Cm-248,0.1,0.1,0.1,3700,0.0,2,0.0,0.0
Cm-249,1000.0,0.0,0.0,0,0.0,0,0.0,0.011
Cm-250,0.01,0.01,0.1,3700,0.0,2,0.0,0.0
Co-55,10.0,0.0,0.0,0,0.0,0,0.0,1.05
Co-56,0.1,0.0,0.0,0,0.0,0,1.15,1.24
Co-57,1.0,1.0,1.0,0,0.0,1,0.0169,0.0167
Co-58,1.0,0.0,0.0,0,0.0,0,0.552,0.542
Co-58m,10000.0,0.0,0.0,0,0.0,0,0.0,0.0
Co-60,0.1,0.1,10.0,3700,130000000.0,1,1.0,0.998
Co-60m,1000.0,0.0,0.0,0,0.0,0,0.0,0.00123
Co-61,100.0,0.0,0.0,0,0.0,0,0.0,0.0207
Co-62m,10.0,0.0,0.0,0,0.0,0,0.0,1.02
Cr-48,10.0,0.0,0.0,0,0.0,0,0.0,0.189
Cr-49,10.0,0.0,0.0,0,0.0,0,0.0,0.59
Cr-51,100.0,0.0,0.0,0,0.0,0,0.0249,0.0181
Cs-125,10.0,0.0,0.0,0,0.0,0,0.0,0.416
Cs-126,100.0,0.0,0.0,0,0.0,0,0.0,0.67
Cs-127,100.0,0.0,0.0,0,0.0,0,0.0,0.232
Cs-128,100.0,0.0,0.0,0,0.0,0,0.0,0.526
Cs-129,10.0,0.0,0.0,0,0.0,0,0.0,0.146
Cs-130,100.0,0.0,0.0,0,0.0,0,0.0,0.292
Cs-131,1000.0,0.0,0.0,0,0.0,0,0.0,0.0
Cs-132,10.0,0.0,0.0,0,0.0,0,0.0,0.403
Cs-134,0.1,0.1,10.0,3700,190000000.0,1,0.908,0.883
Cs-134m,1000.0,0.0,0.0,0,0.0,0,0.0,0.00254
Cs-135,100.0,0.1,0.001,0,260000.0,1,0.0,0.0
Cs-135m,10.0,0.0,0.0,0,0.0,0,0.0,0.875
Cs-136,1.0,0.0,0.0,0,0.0,0,0.0,0.954
Cs-137,0.1,0.1,10.0,3700,330000.0,1,0.341,0.0
Cs-138,10.0,0.0,0.0,0,0.0,0,0.0,0.835
Cu-60,10.0,0.0,0.0,0,0.0,0,0.0,1.48
Cu-61,10.0,0.0,0.0,0,0.0,0,0.0,0.483
Cu-62,100.0,0.0,0.0,0,0.0,0,0.0,0.611
Cu-64,100.0,0.0,0.0,0,0.0,0,0.133,0.112
Cu-66,1000.0,0.0,0.0,0,0.0,0,0.0,0.0467
Cu-67,100.0,0.0,0.0,0,0.0,0,0.0,0.0369
Dy-154,0.0,1.0,1.0,3700,0.0,2,0.0,0.0
Dy-155,10.0,0.0,0.0,0,0.0,0,0.0,0.278
Dy-157,100.0,0.0,0.0,0,0.0,0,0.0,0.177
Dy-159,1000.0,0.0,0.0,0,0.0,0,0.0,0.0
Dy-165,1000.0,0.0,0.0,0,0.0,0,0.0,0.0109
Dy-166,100.0,0.0,0.0,0,0.0,0,0.0,0.00278
Er-161,10.0,0.0,0.0,0,0.0,0,0.0,0.463
Er-165,1000.0,0.0,0.0,0,0.0,0,0.0,0.0
Er-169,1000.0,0.0,0.0,0,0.0,0,0.0,0.0
Er-171,100.0,0.0,0.0,0,0.0,0,0.0,0.177
Er-172,10.0,0.0,0.0,0,0.0,0,0.0,0.285
Es-250,100.0,0.0,0.0,0,0.0,0,0.0,0.566
Es-251,100.0,0.0,0.0,0,0.0,0,0.0,0.00821
Es-252,0.0,0.1,0.1,0,0.0,3,0.0,0.0
Es-253,100.0,0.0,0.0,0,0.0,0,0.0,0.00016
Es-254,0.1,0.1,0.1,3700,0.0,3,0.0,0.00044
Es-254m,10.0,0.0,0.0,0,0.0,0,0.0,0.265
Eu-145,1.0,0.0,0.0,0,0.0,0,0.0,0.539
Eu-146,1.0,0.0,0.0,0,0.0,0,0.0,1.17
Eu-147,10.0,0.0,0.0,0,0.0,0,0.0,0.191
Eu-148,1.0,0.0,0.0,0,0.0,0,0.0,1.19
Eu-149,10.0,0.0,0.0,0,0.0,0,0.0,0.0182
Eu-150,0.1,0.1,1.0,0,0.0,1,0.0,0.849
Eu-150m,1000.0,0.0,0.0,0,0.0,0,0.0,0.0249
Eu-152,0.1,0.1,1.0,30000,75000000.0,1,0.502,0.514
Eu-152m,100.0,0.0,0.0,0,0.0,0,0.0,0.142
Eu-154,0.1,0.1,1.0,20000,58000000.0,1,0.561,0.559
Eu-155,1.0,10.0,1.0,0,0.0,1,0.0,2e-05
Eu-156,1.0,0.0,0.0,0,0.0,0,0.0,0.456
Eu-157,100.0,0.0,0.0,0,0.0,0,0.0,0.146
Eu-158,10.0,0.0,0.0,0,0.0,0,0.0,0.576
F-18,10.0,0.0,0.0,0,0.0,0,0.0,0.601
Fe-52,10.0,0.0,0.0,0,0.0,0,0.0,0.402
Fe-55,1000.0,10.0,10.0,37000,6100000000.0,1,0.0,0.0
Fe-59,1.0,0.0,0.0,0,0.0,0,0.432,0.501
Fe-60,10.0,10.0,1.0,0,0.0,1,0.0,0.0
Fm-252,1000.0,0.0,0.0,0,0.0,0,0.0,0.0
Fm-253,100.0,0.0,0.0,0,0.0,0,0.0,0.0105
Fm-254,10000.0,0.0,0.0,0,0.0,0,0.0,0.0
Fm-255,100.0,0.0,0.0,0,0.0,0,0.0,9e-05
Fm-257,10.0,0.0,0.0,0,0.0,0,0.0,0.0242
Fr-222,1000.0,0.0,0.0,0,0.0,0,0.0,0.0682
Fr-223,100.0,0.0,0.0,0,0.0,0,0.0,0.0109
Ga-65,10.0,0.0,0.0,0,0.0,0,0.0,0.649
Ga-66,10.0,0.0,0.0,0,0.0,0,0.0,0.738
Ga-67,100.0,0.0,0.0,0,0.0,0,0.0,0.0574
Ga-68,10.0,0.0,0.0,0,0.0,0,0.0,0.572
Ga-70,100.0,0.0,0.0,0,0.0,0,0.672,0.00341
Ga-72,10.0,0.0,0.0,0,0.0,0,0.0,1.02
Ga-73,100.0,0.0,0.0,0,0.0,0,0.0,0.189
Gd-145,10.0,0.0,0.0,0,0.0,0,0.0,0.747
Gd-146,1.0,0.0,0.0,0,0.0,0,0.0,0.0291
Gd-147,10.0,0.0,0.0,0,0.0,0,0.0,0.657
Gd-148,1.0,0.1,0.1,3700,0.0,2,0.0,0.0
Gd-149,10.0,0.0,0.0,0,0.0,0,0.0,0.253
Gd-150,0.0,1.0,0.1,3700,0.0,2,0.0,0.0
Gd-151,10.0,0.0,0.0,0,0.0,0,0.0,0.014
Gd-152,10.0,0.0,0.0,0,0.0,0,0.0,0.0
Gd-153,10.0,10.0,1.0,0,0.0,1,0.0,2e-05
Gd-159,100.0,0.0,0.0,0,0.0,0,0.0,0.0266
Ge-66,10.0,0.0,0.0,0,0.0,0,0.0,0.369
Ge-67,10.0,0.0,0.0,0,0.0,0,0.0,0.761
Ge-68,10.0,0.1,1.0,0,0.0,1,0.0,0.0
Ge-69,10.0,0.0,0.0,0,0.0,0,0.0,0.476
Ge-71,10000.0,0.0,0.0,0,0.0,0,0.0,0.0
Ge-75,1000.0,0.0,0.0,0,0.0,0,0.0,0.0185
Ge-77,10.0,0.0,0.0,0,0.0,0,0.0,0.539
Ge-78,100.0,0.0,0.0,0,0.0,0,0.0,0.15
H-3,100.0,1.0,10.0,7400,210000.0,1,0.0,0.0
Hf-170,100.0,0.0,0.0,0,0.0,0,0.0,0.246
Hf-172,10.0,0.1,1.0,0,0.0,1,0.0,0.00284
Hf-173,10.0,0.0,0.0,0,0.0,0,0.0,0.13
Hf-175,1.0,0.0,0.0,0,0.0,0,0.0,0.173
Hf-177m,10.0,0.0,0.0,0,0.0,0,0.0,0.469
Hf-178m,10.0,0.0,0.0,0,0.0,0,0.0,0.0
Hf-178n,0.0,0.1,1.0,0,0.0,1,0.0,0.505
Hf-179m,10.0,0.0,0.0,0,0.0,0,0.0,0.0944
Hf-180m,10.0,0.0,0.0,0,0.0,0,0.0,0.524
Hf-181,1.0,0.0,0.0,0,0.0,0,0.0,0.283
Hf-182,0.1,0.1,1.0,0,0.0,1,0.0,0.117
Hf-182m,10.0,0.0,0.0,0,0.0,0,0.0,0.437
Hf-183,10.0,0.0,0.0,0,0.0,0,0.0,0.396
Hf-184,100.0,0.0,0.0,0,0.0,0,0.0,0.0944
Hg-193,100.0,0.0,0.0,0,0.0,0,0.0,0.315
Hg-193m,10.0,0.0,0.0,0,0.0,0,0.0,0.543
Hg-194,0.1,0.1,1.0,0,0.0,1,0.0,0.0
Hg-195,100.0,0.0,0.0,0,0.0,0,0.0,0.0708
Hg-195m,100.0,0.0,0.0,0,0.0,0,0.0,0.088
Hg-197,100.0,0.0,0.0,0,0.0,0,0.0,0.00056
Hg-197m,100.0,0.0,0.0,0,0.0,0,0.0,0.00902
Hg-199m,100.0,0.0,0.0,0,0.0,0,0.0,0.0559
Hg-203,10.0,0.0,0.0,0,0.0,0,0.0,0.123
Ho-155,100.0,0.0,0.0,0,0.0,0,0.0,0.261
Ho-157,100.0,0.0,0.0,0,0.0,0,0.0,0.24
Ho-159,100.0,0.0,0.0,0,0.0,0,0.0,0.124
Ho-161,100.0,0.0,0.0,0,0.0,0,0.0,0.00073
Ho-162,100.0,0.0,0.0,0,0.0,0,0.0,0.0519
Ho-162m,10.0,0.0,0.0,0,0.0,0,0.0,0.269
Ho-163,0.0,10.0,1.0,0,0.0,1,0.0,0.0
Ho-164,1000.0,0.0,0.0,0,0.0,0,0.0,0.0
Ho-164m,1000.0,0.0,0.0,0,0.0,0,0.0,0.0
Ho-166,100.0,0.0,0.0,0,0.0,0,0.0,0.00646
Ho-166m,0.1,0.1,1.0,0,0.0,1,0.0,0.852
Ho-167,100.0,0.0,0.0,0,0.0,0,0.0,0.197
I-120,10.0,0.0,0.0,0,0.0,0,0.0,0.941
I-120m,10.0,0.0,0.0,0,0.0,0,0.0,2.27
I-121,100.0,0.0,0.0,0,0.0,0,0.0,0.198
I-122 ,0.0,0.0,0.0,0,0.0,0,0.0,0.0
I-123,100.0,0.0,0.0,0,0.0,0,0.0,0.0502
I-124,10.0,0.0,1.0,0,0.0,1,0.0,0.536
I-125,100.0,0.0,1.0,0,0.0,1,0.0,0.0
I-126,10.0,0.0,1.0,0,0.0,1,0.0,0.249
I-128,100.0,0.0,0.0,0,0.0,0,0.0,0.0398
I-129,0.01,0.001,0.0001,0,1400.0,1,0.0,0.0
I-130,10.0,0.0,0.0,0,0.0,0,0.0,1.23
I-131,10.0,0.0,1.0,0,0.0,1,0.0,0.222
I-132,10.0,0.0,0.0,0,0.0,0,0.0,1.21
I-132m,100.0,0.0,0.0,0,0.0,0,0.0,0.187
I-133,10.0,0.0,0.0,0,0.0,0,0.0,0.354
I-134,10.0,0.0,0.0,0,0.0,0,0.0,1.3
I-135,10.0,0.0,0.0,0,0.0,0,0.0,0.608
In-109,10.0,0.0,0.0,0,0.0,0,0.0,0.29
In-110,10.0,0.0,0.0,0,0.0,0,0.0,1.66
In-110m,10.0,0.0,0.0,0,0.0,0,0.0,0.824
In-111,10.0,0.0,0.0,0,0.0,0,0.0,0.17
In-112,100.0,0.0,0.0,0,0.0,0,0.0,0.155
In-113m,100.0,0.0,0.0,0,0.0,0,0.0,0.151
In-114 ,0.0,0.0,0.0,0,0.0,0,0.0,0.0
In-114m,10.0,0.0,0.0,0,0.0,0,0.0,0.0364
In-115,100.0,0.0,0.0,0,0.0,0,0.0,0.0
In-115m,100.0,0.0,0.0,0,0.0,0,0.0,0.0893
In-116m,10.0,0.0,0.0,0,0.0,0,0.0,0.981
In-117,10.0,0.0,0.0,0,0.0,0,0.0,0.375
In-117m,100.0,0.0,0.0,0,0.0,0,0.0,0.0423
In-119 ,0.0,0.0,0.0,0,0.0,0,0.0,0.0
In-119m,100.0,0.0,0.0,0,0.0,0,0.0,0.0061
Ir-182,10.0,0.0,0.0,0,0.0,0,0.0,0.38
Ir-184,10.0,0.0,0.0,0,0.0,0,0.0,0.791
Ir-185,10.0,0.0,0.0,0,0.0,0,0.0,3.63
Ir-186,10.0,0.0,0.0,0,0.0,0,0.0,0.688
Ir-186m,10.0,0.0,0.0,0,0.0,0,0.0,0.607
Ir-187,100.0,0.0,0.0,0,0.0,0,0.0,0.127
Ir-188,10.0,0.0,0.0,0,0.0,0,0.0,0.617
Ir-189,100.0,0.0,0.0,0,0.0,0,0.0,0.0103
Ir-190,1.0,0.0,0.0,0,0.0,0,0.0,0.814
Ir-190m,10000.0,0.0,0.0,0,0.0,0,0.0,0.0
Ir-190n,10.0,0.0,0.0,0,0.0,0,0.0,0.00191
Ir-192,1.0,0.0,0.0,0,0.0,0,0.0,0.469
Ir-192m,0.0,0.1,1.0,0,0.0,1,0.0,4e-05
Ir-193m,10000.0,0.0,0.0,0,0.0,0,0.0,0.0
Ir-194,100.0,0.0,0.0,0,0.0,0,0.0,0.0477
Ir-194m,10.0,0.0,0.0,0,0.0,0,0.0,0.00052
Ir-195,100.0,0.0,0.0,0,0.0,0,0.0,0.00271
Ir-195m,100.0,0.0,0.0,0,0.0,0,0.0,0.183
K-38,0.0,0.0,0.0,0,0.0,0,0.0,1.08
K-40,1.0,1.0,1.0,0,0.0,1,0.0522,0.0524
K-42,100.0,0.0,0.0,0,0.0,0,0.0,0.0897
K-43,10.0,0.0,0.0,0,0.0,0,0.0,0.57
K-44,10.0,0.0,0.0,0,0.0,0,0.0,0.669
K-45,10.0,0.0,0.0,0,0.0,0,0.0,0.525
Kr-79,0.0,0.0,1.0,0,0.0,1,0.0,0.142
Kr-81,0.0,10.0,1.0,0,0.0,1,0.0,0.00044
Kr-83m,0.0,0.0,0.0,0,0.0,0,0.0,0.0
Kr-85,0.0,1.0,1.0,0,0.0,1,0.0,0.00136
Kr-85m,0.0,0.0,0.0,0,0.0,0,0.0,0.0555
Kr-87,0.0,0.0,0.0,0,0.0,0,0.0,0.267
Kr-88,0.0,0.0,0.0,0,0.0,0,0.0,0.506
Kr-89,0.0,0.0,0.0,0,0.0,0,0.0,0.6
La-131,10.0,0.0,0.0,0,0.0,0,0.0,0.352
La-132,10.0,0.0,0.0,0,0.0,0,0.0,0.934
La-134,1000.0,0.0,0.0,0,0.0,0,0.0,0.424
La-135,1000.0,0.0,0.0,0,0.0,0,0.0,0.00602
La-137,100.0,10.0,1.0,0,0.0,1,0.0,0.0
La-138,0.1,0.0,0.0,0,0.0,0,0.0,0.474
La-140,1.0,0.0,0.0,0,0.0,0,0.0,0.865
La-141,100.0,0.0,0.0,0,0.0,0,0.0,0.00939
La-142,10.0,0.0,0.0,0,0.0,0,0.0,0.635
La-143,100.0,0.0,0.0,0,0.0,0,0.0,0.0964
Lu-169,10.0,0.0,0.0,0,0.0,0,0.0,0.454
Lu-170,10.0,0.0,0.0,0,0.0,0,0.0,0.714
Lu-171,10.0,0.0,0.0,0,0.0,0,0.0,0.32
Lu-172,1.0,0.0,0.0,0,0.0,0,0.0,0.889
Lu-173,1.0,1.0,1.0,0,0.0,1,0.0,0.0436
Lu-174,1.0,1.0,1.0,0,0.0,1,0.0,0.0261
Lu-174m,10.0,0.0,0.0,0,0.0,0,0.0,0.00396
Lu-176,0.1,0.1,1.0,0,0.0,1,0.0,0.23
Lu-176m,1000.0,0.0,0.0,0,0.0,0,0.0,1e-05
Lu-177,100.0,0.0,0.0,0,0.0,0,0.0,0.0106
Lu-177m,0.1,0.0,0.0,0,0.0,0,0.0,0.0838
Lu-178,100.0,0.0,0.0,0,0.0,0,0.0,0.0401
Lu-178m,10.0,0.0,0.0,0,0.0,0,0.0,0.529
Lu-179,1000.0,0.0,0.0,0,0.0,0,0.0,0.0137
Md-257,100.0,0.0,0.0,0,0.0,0,0.0,0.0
Md-258,10.0,0.0,0.0,0,0.0,0,0.0,0.0
Mg-28,10.0,0.0,0.0,0,0.0,0,0.0,0.578
Mn-51,10.0,0.0,0.0,0,0.0,0,0.0,0.606
Mn-52,1.0,0.0,0.0,0,0.0,0,0.0,1.58
Mn-52m,10.0,0.0,0.0,0,0.0,0,0.0,1.08
Mn-53,100.0,10.0,1.0,0,0.0,1,0.0,0.0
Mn-54,0.1,0.1,10.0,37000,360000000.0,1,0.478,0.453
Mn-56,10.0,0.0,0.0,0,0.0,0,0.0,0.658
Mo-101,10.0,0.0,0.0,0,0.0,0,0.0,0.602
Mo-90,10.0,0.0,0.0,0,0.0,0,0.0,0.28
Mo-93,10.0,0.01,0.001,0,38000.0,1,0.0,0.0
Mo-93m,10.0,0.0,0.0,0,0.0,0,0.0,0.968
Mo-99,10.0,0.0,0.0,0,0.0,0,0.0,0.0802
N-13,100.0,0.0,0.0,0,0.0,0,0.0,0.62
Na-22,0.1,0.1,1.0,21000,130000000.0,1,1.11,1.06
Na-24,1.0,0.0,0.0,0,0.0,0,0.0,0.938
Nb-88,10.0,0.0,0.0,0,0.0,0,0.0,2.21
Nb-89,10.0,0.0,0.0,0,0.0,0,0.0,0.597
Nb-89m,10.0,0.0,0.0,0,0.0,0,0.0,0.784
Nb-90,10.0,0.0,0.0,0,0.0,0,0.0,0.877
Nb-91,100.0,10.0,1.0,0,0.0,1,0.0,0.00098
Nb-91m,10.0,0.0,0.0,0,0.0,0,0.0,0.0101
Nb-92,0.0,0.1,1.0,0,0.0,1,0.0,0.0
Nb-92m,10.0,0.0,0.0,0,0.0,0,0.0,0.487
Nb-93m,10.0,10.0,10.0,0,0.0,1,0.0,0.0
Nb-94,0.1,0.1,0.1,0,120.0,1,0.775,0.869
Nb-95,1.0,0.0,0.0,0,0.0,0,0.0,0.43
Nb-95m,100.0,0.0,0.0,0,0.0,0,0.0,0.0309
Nb-96,1.0,0.0,0.0,0,0.0,0,0.0,1.29
Nb-97,10.0,0.0,0.0,0,0.0,0,0.0,0.388
Nb-98m,10.0,0.0,0.0,0,0.0,0,0.0,1.32
Nd-136,100.0,0.0,0.0,0,0.0,0,0.0,0.109
Nd-138,1000.0,0.0,0.0,0,0.0,0,0.0,0.00768
Nd-139,100.0,0.0,0.0,0,0.0,0,0.0,0.227
Nd-139m,10.0,0.0,0.0,0,0.0,0,0.0,0.765
Nd-140,10000.0,0.0,0.0,0,0.0,0,0.0,0.0
Nd-141,100.0,0.0,0.0,0,0.0,0,0.0,0.025
Nd-147,100.0,0.0,0.0,0,0.0,0,0.0,0.0599
Nd-149,100.0,0.0,0.0,0,0.0,0,0.0,0.185
Nd-151,10.0,0.0,0.0,0,0.0,0,0.0,0.379
Ni-56,10.0,0.0,0.0,0,0.0,0,0.0,0.869
Ni-57,10.0,0.0,0.0,0,0.0,0,0.0,0.765
Ni-59,100.0,10.0,0.1,3700,110000.0,1,0.0,0.0
Ni-63,100.0,10.0,1.0,3700,3200000.0,1,0.0,0.0
Ni-65,10.0,0.0,0.0,0,0.0,0,0.0,0.21
Ni-66,1000.0,0.0,0.0,0,0.0,0,0.0,0.0
Np-232,10.0,0.0,0.0,0,0.0,0,0.0,0.596
Np-233,100.0,0.0,0.0,0,0.0,0,0.0,0.00576
Np-234,10.0,0.0,0.0,0,0.0,0,0.0,0.364
Np-235,1000.0,10.0,1.0,3700,0.0,3,0.0,3e-05
Np-236,1.0,1.0,1.0,3700,0.0,2,0.0,0.0187
Np-236m,100.0,0.0,0.0,0,0.0,0,0.0,0.00581
Np-237,1.0,0.001,0.1,3700,0.0,2,0.0,0.00107
Np-238,10.0,0.0,0.0,0,0.0,0,0.0,0.285
Np-239,100.0,0.0,0.0,0,0.0,0,0.0,0.0475
Np-240,10.0,0.0,0.0,0,0.0,0,0.0,0.579
Np-240m,1000.0,0.0,0.0,0,0.0,0,0.0,0.169
O-15,100.0,0.0,0.0,0,0.0,0,0.0,0.621
Os-180,100.0,0.0,0.0,0,0.0,0,0.0,0.0
Os-181,10.0,0.0,0.0,0,0.0,0,0.0,0.108
Os-182,10.0,0.0,0.0,0,0.0,0,0.0,0.208
Os-185,1.0,0.0,0.0,0,0.0,0,0.0,0.373
Os-189m,10000.0,0.0,0.0,0,0.0,0,0.0,0.0
Os-191,100.0,0.0,0.0,0,0.0,0,0.0,0.00637
Os-191m,1000.0,0.0,0.0,0,0.0,0,0.0,0.0
Os-193,100.0,0.0,0.0,0,0.0,0,0.0,0.0296
Os-194,1.0,1.0,1.0,0,0.0,1,0.0,0.0
P-30,0.0,0.0,0.0,0,0.0,0,0.0,0.621
P-32,1000.0,0.0,1.0,0,0.0,1,0.0,0.0
P-33,1000.0,0.0,1.0,0,0.0,1,0.0,0.0
Pa-227,10.0,0.0,0.0,0,0.0,0,0.0,8e-05
Pa-228,10.0,0.0,0.0,0,0.0,0,0.0,0.602
Pa-230,10.0,0.0,0.0,0,0.0,0,0.0,0.324
Pa-231,0.01,0.01,0.1,3700,0.0,2,0.0,0.0166
Pa-232,10.0,0.0,0.0,0,0.0,0,0.0,0.482
Pa-233,10.0,0.0,0.0,0,0.0,0,0.0,0.0986
Pa-234,10.0,0.0,0.0,0,0.0,0,0.0,0.712
Pa-234m,100.0,0.0,0.0,0,0.0,0,0.0,0.00769
Pb-195m,10.0,0.0,0.0,0,0.0,0,0.0,0.815
Pb-198,100.0,0.0,0.0,0,0.0,0,0.0,0.197
Pb-199,10.0,0.0,0.0,0,0.0,0,0.0,0.42
Pb-200,10.0,0.0,0.0,0,0.0,0,0.0,0.0514
Pb-201,10.0,0.0,0.0,0,0.0,0,0.0,0.366
Pb-202,0.1,0.1,1.0,0,0.0,1,0.0,0.0
Pb-202m,10.0,0.0,0.0,0,0.0,0,0.0,1.07
Pb-203,10.0,0.0,0.0,0,0.0,0,0.0,0.133
Pb-205,10.0,10.0,1.0,0,0.0,1,0.0,0.0
Pb-209,1000.0,0.0,0.0,0,0.0,0,0.0,0.0
Pb-210,0.1,1.0,1.0,40,600000.0,3,0.0,0.0
Pb-211,100.0,0.0,0.0,0,0.0,0,0.0,0.0357
Pb-212,10.0,0.0,0.0,0,0.0,0,0.125,0.0571
Pb-214,100.0,0.0,0.0,0,0.0,0,0.145,0.126
Pd-100,1.0,0.0,0.0,0,0.0,0,0.0,0.0025
Pd-101,100.0,0.0,0.0,0,0.0,0,0.0,0.176
Pd-103,1000.0,0.0,0.0,0,0.0,0,0.0,6e-05
Pd-107,1000.0,10.0,0.0001,0,300000.0,1,0.0,0.0
Pd-109,100.0,0.0,0.0,0,0.0,0,0.0,0.00037
Pm-141,10.0,0.0,0.0,0,0.0,0,0.0,0.39
Pm-142,100.0,0.0,0.0,0,0.0,0,0.0,0.497
Pm-143,1.0,0.1,1.0,0,0.0,1,0.0,0.162
Pm-144,0.1,0.1,1.0,0,0.0,1,0.0,0.904
Pm-145,10.0,10.0,1.0,0,0.0,1,0.0,0.0
Pm-146,0.1,0.1,1.0,0,0.0,1,0.0,0.427
Pm-147,1000.0,10.0,1.0,37000,580000000.0,1,0.0,0.0
Pm-148,10.0,0.0,0.0,0,0.0,0,0.0,0.249
Pm-148m,1.0,0.0,0.0,0,0.0,0,0.0,1.14
Pm-149,1000.0,0.0,0.0,0,0.0,0,0.0,0.00645
Pm-150,10.0,0.0,0.0,0,0.0,0,0.0,0.639
Pm-151,10.0,0.0,0.0,0,0.0,0,0.0,0.167
Po-203,10.0,0.0,0.0,0,0.0,0,0.0,0.653
Po-205,10.0,0.0,0.0,0,0.0,0,0.0,0.672
Po-206,1.0,0.0,0.0,0,0.0,0,0.0,0.565
Po-207,10.0,0.0,0.0,0,0.0,0,0.0,0.607
Po-208,1.0,1.0,0.1,3700,0.0,3,0.0,2e-05
Po-209,1.0,1.0,0.1,3700,0.0,2,0.0,0.00267
Po-210,1.0,0.0,0.0,0,0.0,0,0.0,0.0
Po-212,10.0,0.0,0.0,0,0.0,0,0.0,0.0
Po-213,100.0,0.0,0.0,0,0.0,0,0.0,2e-05
Pr-136,10.0,0.0,0.0,0,0.0,0,0.0,1.04
Pr-137,100.0,0.0,0.0,0,0.0,0,0.0,0.195
Pr-138 ,0.0,0.0,0.0,0,0.0,0,0.0,0.0
Pr-138m,10.0,0.0,0.0,0,0.0,0,0.0,1.27
Pr-139,100.0,0.0,0.0,0,0.0,0,0.0,0.0579
Pr-142,100.0,0.0,0.0,0,0.0,0,0.0,0.018
Pr-142m,10000000.0,0.0,0.0,0,0.0,0,0.0,0.0
Pr-143,1000.0,0.0,0.0,0,0.0,0,0.0,0.0
Pr-144,100.0,0.0,0.0,0,0.0,0,0.0,0.0101
Pr-144m,10.0,0.0,0.0,0,0.0,0,0.0,0.00076
Pr-145,1000.0,0.0,0.0,0,0.0,0,0.0,0.00948
Pr-147,10.0,0.0,0.0,0,0.0,0,0.0,0.374
Pt-186,10.0,0.0,0.0,0,0.0,0,0.0,0.343
Pt-188,10.0,0.0,0.0,0,0.0,0,0.0,0.0645
Pt-189,100.0,0.0,0.0,0,0.0,0,0.0,0.205
Pt-190,1.0,0.0,0.0,0,0.0,0,0.0,0.0
Pt-191,10.0,0.0,0.0,0,0.0,0,0.0,0.112
Pt-193,10.0,10.0,1.0,0,0.0,1,0.0,0.0
Pt-193m,1000.0,0.0,0.0,0,0.0,0,0.0,3e-05
Pt-195m,100.0,0.0,0.0,0,0.0,0,0.0,0.00078
Pt-197,1000.0,0.0,0.0,0,0.0,0,0.0,0.00317
Pt-197m,100.0,0.0,0.0,0,0.0,0,0.0,0.023
Pt-199,100.0,0.0,0.0,0,0.0,0,0.0,0.0892
Pt-200,100.0,0.0,0.0,0,0.0,0,0.0,0.0128
Pu-234,100.0,0.0,0.0,0,0.0,0,0.0,0.0
Pu-235,100.0,0.0,0.0,0,0.0,0,0.0,0.00603
Pu-236,1.0,0.1,0.1,3700,0.0,3,0.0,0.0
Pu-237,100.0,0.0,0.0,0,0.0,0,0.0,0.0008
Pu-238,0.1,0.1,10.0,3700,0.0,2,0.0,0.0
Pu-239,0.1,0.1,10.0,3700,0.0,2,0.0,2e-05
Pu-240,0.1,0.1,10.0,3700,0.0,2,0.0,0.0
Pu-241,10.0,10.0,10.0,3700,0.0,3,0.0,0.0
Pu-242,0.1,0.01,0.1,3700,0.0,2,0.0,0.0
Pu-243,1000.0,0.0,0.0,0,0.0,0,0.0,0.00174
Pu-244,0.1,0.1,0.1,3700,0.0,2,0.0,0.0
Pu-245,100.0,0.0,0.0,0,0.0,0,0.0,0.202
Pu-246,10.0,0.0,0.0,0,0.0,0,0.0,0.0335
Ra-223,10.0,0.0,0.0,0,0.0,0,0.0,0.0448
Ra-224,1.0,0.0,0.0,0,0.0,0,0.011,0.00496
Ra-225,10.0,0.0,0.0,0,0.0,0,0.0,0.0
Ra-226,0.01,0.1,0.1,37,190.0,2,0.724,0.00264
Ra-227,100.0,0.0,0.0,0,0.0,0,0.0,0.0714
Ra-228,0.1,0.1,1.0,0,0.0,1,0.0,0.0
Rb-79,10.0,0.0,0.0,0,0.0,0,0.0,0.813
Rb-80,1000.0,0.0,0.0,0,0.0,0,0.0,0.717
Rb-81,10.0,0.0,0.0,0,0.0,0,0.0,0.3
Rb-81m,1000.0,0.0,0.0,0,0.0,0,0.0,0.0101
Rb-82 ,0.0,0.0,0.0,0,0.0,0,0.0,0.0
Rb-82m,10.0,0.0,0.0,0,0.0,0,0.0,1.5
Rb-83,1.0,0.0,0.0,0,0.0,0,0.334,0.293
Rb-84,1.0,0.0,0.0,0,0.0,0,0.0,0.486
Rb-86,100.0,0.0,0.0,0,0.0,0,0.0,0.0431
Rb-87,10.0,10.0,1.0,0,0.0,1,0.0,0.0
Rb-88,100.0,0.0,0.0,0,0.0,0,0.0,0.198
Rb-89,100.0,0.0,0.0,0,0.0,0,0.0,0.798
Re-177,10.0,0.0,0.0,0,0.0,0,0.0,0.236
Re-178,10.0,0.0,0.0,0,0.0,0,0.0,0.541
Re-180,100.0,0.0,0.0,0,0.0,0,0.0,0.577
Re-181,10.0,0.0,0.0,0,0.0,0,0.0,0.393
Re-182,1.0,0.0,0.0,0,0.0,0,0.0,0.707
Re-182m,10.0,0.0,0.0,0,0.0,0,0.0,0.46
Re-183,10.0,0.0,0.0,0,0.0,0,0.0,0.0257
Re-184,1.0,0.0,0.0,0,0.0,0,0.0,0.44
Re-184m,0.1,0.0,0.0,0,0.0,0,0.0,0.16
Re-186,1000.0,0.0,0.0,0,0.0,0,0.0,0.00311
Re-186m,1.0,10.0,1.0,0,0.0,1,0.0,0.0
Re-187,1000.0,0.0,0.0,0,0.0,0,0.0,0.0
Re-188,100.0,0.0,0.0,0,0.0,0,0.0,0.0246
Re-188m,100.0,0.0,0.0,0,0.0,0,0.0,0.00035
Re-189,100.0,0.0,0.0,0,0.0,0,0.0,0.0245
Rh-100,1.0,0.0,0.0,0,0.0,0,0.0,0.99
Rh-101,1.0,0.1,1.0,0,0.0,1,0.0,0.0981
Rh-101m,10.0,0.0,0.0,0,0.0,0,0.0,0.167
Rh-102,0.1,0.1,1.0,0,0.0,1,0.0,0.289
Rh-102m,1.0,0.1,1.0,0,0.0,1,0.0,1.18
Rh-103m,10000.0,0.0,0.0,0,0.0,0,0.0,0.0
Rh-105,100.0,0.0,0.0,0,0.0,0,0.0,0.0442
Rh-106 ,0.0,0.0,0.0,0,0.0,0,0.121,0.0
Rh-106m,10.0,0.0,0.0,0,0.0,0,0.0,1.43
Rh-107,100.0,0.0,0.0,0,0.0,0,0.0,0.177
Rh-99,10.0,0.0,0.0,0,0.0,0,0.0,0.26
Rh-99m,10.0,0.0,0.0,0,0.0,0,0.0,0.336
Rn-220,0.0,0.0,0.0,0,0.0,0,0.0,0.00038
Rn-222,0.0,0.0,0.0,0,0.0,0,0.0,0.00024
Ru-103,1.0,0.0,0.0,0,0.0,0,0.0,0.301
Ru-105,10.0,0.0,0.0,0,0.0,0,0.0,0.422
Ru-106,0.1,1.0,10.0,9000,120000000.0,1,0.0,0.0
Ru-94,100.0,0.0,0.0,0,0.0,0,0.0,0.285
Ru-97,10.0,0.0,0.0,0,0.0,0,0.0,0.109
S-35,100.0,0.0,1.0,0,0.0,1,0.0,0.0
Sb-115,10.0,0.0,0.0,0,0.0,0,0.0,0.522
Sb-116,10.0,0.0,0.0,0,0.0,0,0.0,0.96
Sb-116m,10.0,0.0,0.0,0,0.0,0,0.0,1.4
Sb-117,100.0,0.0,0.0,0,0.0,0,0.0,0.0576
Sb-118m,10.0,0.0,0.0,0,0.0,0,0.0,1.14
Sb-119,1000.0,0.0,0.0,0,0.0,0,0.0,0.0
Sb-120,100.0,0.0,0.0,0,0.0,0,0.0,0.264
Sb-120m,1.0,0.0,0.0,0,0.0,0,0.0,1.07
Sb-122,10.0,0.0,0.0,0,0.0,0,0.0,0.264
Sb-124,1.0,0.0,0.0,0,0.0,0,0.0,0.768
Sb-124n,100.0,0.0,0.0,0,0.0,0,0.0,0.0
Sb-125,0.1,0.1,1.0,37000,510000000.0,1,0.253,0.248
Sb-126,1.0,0.0,0.0,0,0.0,0,0.0,0.0
Sb-126m,10.0,0.0,0.0,0,0.0,0,0.0,0.905
Sb-127,10.0,0.0,0.0,0,0.0,0,0.0,0.4
Sb-128,10.0,0.0,0.0,0,0.0,0,0.0,1.72
Sb-128m,10.0,0.0,0.0,0,0.0,0,0.0,1.06
Sb-129,10.0,0.0,0.0,0,0.0,0,0.0,0.683
Sb-130,10.0,0.0,0.0,0,0.0,0,0.0,1.68
Sb-131,10.0,0.0,0.0,0,0.0,0,0.0,0.754
Sc-43,10.0,0.0,0.0,0,0.0,0,0.0,0.597
Sc-44,10.0,0.0,0.0,0,0.0,0,1.15,1.09
Sc-44m,10.0,0.0,0.0,0,0.0,0,0.0,0.143
Sc-46,0.1,0.0,0.0,0,0.0,0,0.0,0.969
Sc-47,100.0,0.0,0.0,0,0.0,0,0.0,0.0337
Sc-48,1.0,0.0,0.0,0,0.0,0,0.0,1.49
Sc-49,1000.0,0.0,0.0,0,0.0,0,0.0,0.00029
Se-70,10.0,0.0,0.0,0,0.0,0,0.0,0.46
Se-73,10.0,0.0,0.0,0,0.0,0,0.0,0.62
Se-73m,100.0,0.0,0.0,0,0.0,0,0.0,0.153
Se-75,1.0,0.0,1.0,0,0.0,1,0.0,0.17
Se-79,0.1,0.01,0.001,0,55000.0,1,0.0,0.0
Se-81,1000.0,0.0,0.0,0,0.0,0,0.0,0.00455
Se-81m,1000.0,0.0,0.0,0,0.0,0,0.0,0.00014
Se-83,10.0,0.0,0.0,0,0.0,0,0.0,1.11
Si-31,1000.0,0.0,0.0,0,0.0,0,0.0,0.00035
Si-32,100.0,10.0,1.0,0,0.0,1,0.0,0.0
Sm-141,10.0,0.0,0.0,0,0.0,0,0.0,0.717
Sm-141m,10.0,0.0,0.0,0,0.0,0,0.0,0.915
Sm-142,100.0,0.0,0.0,0,0.0,0,0.0,0.0464
Sm-145,100.0,10.0,1.0,0,0.0,1,0.0,1e-05
Sm-146,1.0,1.0,0.1,3700,0.0,2,0.0,0.0
Sm-147,1.0,0.0,0.0,0,0.0,0,0.0,0.0
Sm-151,1000.0,10.0,0.1,3700,450000.0,1,0.0,0.0
Sm-153,100.0,0.0,0.0,0,0.0,0,0.0,0.00073
Sm-155,100.0,0.0,0.0,0,0.0,0,0.0,0.00764
Sm-156,100.0,0.0,0.0,0,0.0,0,0.0,0.036
Sn-110,100.0,0.0,0.0,0,0.0,0,0.0,0.146
Sn-111,100.0,0.0,0.0,0,0.0,0,0.0,0.254
Sn-113,1.0,0.0,0.0,0,0.0,0,0.202,0.00278
Sn-117m,100.0,0.0,0.0,0,0.0,0,0.0,0.043
Sn-119m,10.0,10.0,1.0,37000,1400000000.0,1,0.0,0.0
Sn-121,1000.0,0.0,0.0,0,0.0,0,0.0,0.0
Sn-121m,1.0,10.0,0.001,37000,370000.0,1,0.0,0.0
Sn-123,100.0,0.0,0.0,0,0.0,0,0.0,0.00317
Sn-123m,100.0,0.0,0.0,0,0.0,0,0.0,0.0432
Sn-125,10.0,0.0,0.0,0,0.0,0,0.0,0.15
Sn-126,0.1,0.01,0.001,0,2.7,1,0.0,0.0
Sn-127,10.0,0.0,0.0,0,0.0,0,0.0,0.809
Sn-128,10.0,0.0,0.0,0,0.0,0,0.0,0.32
Sr-80,1000.0,0.0,0.0,0,0.0,0,0.0,0.254
Sr-81,10.0,0.0,0.0,0,0.0,0,0.0,0.779
Sr-82,10.0,0.0,0.0,0,0.0,0,0.0,0.0
Sr-83,10.0,0.0,0.0,0,0.0,0,0.0,0.434
Sr-85,1.0,0.0,0.0,0,0.0,0,0.0,0.299
Sr-85m,100.0,0.0,0.0,0,0.0,0,0.0,0.101
Sr-87m,100.0,0.0,0.0,0,0.0,0,0.0,0.191
Sr-89,1000.0,0.0,0.0,0,0.0,0,0.0,5e-05
Sr-90,1.0,1.0,1.0,3700,6000000.0,1,0.0,0.0
Sr-91,10.0,0.0,0.0,0,0.0,0,0.0,0.362
Sr-92,10.0,0.0,0.0,0,0.0,0,0.0,0.491
Ta-172,10.0,0.0,0.0,0,0.0,0,0.0,0.789
Ta-173,10.0,0.0,0.0,0,0.0,0,0.0,0.223
Ta-174,10.0,0.0,0.0,0,0.0,0,0.0,0.41
Ta-175,10.0,0.0,0.0,0,0.0,0,0.0,0.349
Ta-176,10.0,0.0,0.0,0,0.0,0,0.0,0.735
Ta-177,100.0,0.0,0.0,0,0.0,0,0.0,0.00535
Ta-178,10.0,0.0,0.0,0,0.0,0,0.0,0.0275
Ta-178-1,0.0,0.0,0.0,0,0.0,0,0.0,0.0
Ta-178m,10.0,0.0,0.0,0,0.0,0,0.0,0.566
Ta-179,10.0,10.0,1.0,0,0.0,1,0.0,0.0
Ta-180,10.0,0.0,0.0,0,0.0,0,0.0,0.0
Ta-180m,1000.0,0.0,0.0,0,0.0,0,0.0,0.268
Ta-182,0.1,0.0,0.0,0,0.0,0,0.398,0.525
Ta-182m,100.0,0.0,0.0,0,0.0,0,0.0,0.0
Ta-183,10.0,0.0,0.0,0,0.0,0,0.0,0.105
Ta-184,10.0,0.0,0.0,0,0.0,0,0.0,0.821
Ta-185,100.0,0.0,0.0,0,0.0,0,0.0,0.0487
Ta-186,10.0,0.0,0.0,0,0.0,0,0.0,0.695
Tb-147,10.0,0.0,0.0,0,0.0,0,0.0,0.926
Tb-149,0.1,0.0,0.0,0,0.0,0,0.0,0.59
Tb-150,10.0,0.0,0.0,0,0.0,0,0.0,0.83
Tb-151,10.0,0.0,0.0,0,0.0,0,0.0,0.49
Tb-153,10.0,0.0,0.0,0,0.0,0,0.0,0.144
Tb-154,10.0,0.0,0.0,0,0.0,0,0.0,0.651
Tb-155,100.0,0.0,0.0,0,0.0,0,0.0,0.0324
Tb-156,1.0,0.0,0.0,0,0.0,0,0.0,0.848
Tb-156m,10.0,0.0,0.0,0,0.0,0,0.0,0.0
Tb-156n,10000.0,0.0,0.0,0,0.0,0,0.0,0.0
Tb-157,100.0,10.0,1.0,0,0.0,1,0.0,0.0
Tb-158,0.1,0.1,1.0,0,0.0,1,0.0,0.38
Tb-160,1.0,0.0,0.0,0,0.0,0,0.0,0.534
Tb-161,1000.0,0.0,0.0,0,0.0,0,0.0,0.00036
Tc-101,100.0,0.0,0.0,0,0.0,0,0.0,0.188
Tc-104,10.0,0.0,0.0,0,0.0,0,0.0,0.714
Tc-93,10.0,0.0,0.0,0,0.0,0,0.0,0.569
Tc-93m,10.0,0.0,0.0,0,0.0,0,0.0,0.254
Tc-94,10.0,0.0,0.0,0,0.0,0,0.0,1.44
Tc-94m,10.0,0.0,0.0,0,0.0,0,0.0,0.969
Tc-95,10.0,0.0,0.0,0,0.0,0,0.0,0.436
Tc-95m,1.0,0.0,0.0,0,0.0,0,0.0,0.363
Tc-96,1.0,0.0,0.0,0,0.0,0,0.0,1.35
Tc-96m,1000.0,0.0,0.0,0,0.0,0,0.0,0.0204
Tc-97,10.0,10.0,1.0,0,0.0,1,0.0,0.0
Tc-97m,100.0,0.0,0.0,0,0.0,0,0.0,0.0
Tc-98,0.1,0.1,1.0,0,0.0,1,0.0,0.806
Tc-99,1.0,0.01,0.01,0,44000.0,1,0.0,0.0
Tc-99m,100.0,0.0,0.0,0,0.0,0,0.0,0.0287
Te-116,100.0,0.0,0.0,0,0.0,0,0.0,0.027
Te-119m,1.0,0.0,0.0,0,0.0,0,0.0,0.61
Te-121,10.0,0.0,0.0,0,0.0,0,0.0,0.336
Te-121m,1.0,0.0,0.0,0,0.0,0,0.0,0.0915
Te-123,0.1,0.0,0.0,0,0.0,0,0.0,0.0
Te-123m,1.0,0.0,0.0,0,0.0,0,0.0,0.0412
Te-125m,1000.0,0.0,0.0,0,0.0,0,0.0,1e-05
Te-127,1000.0,0.0,0.0,0,0.0,0,0.0,0.00287
Te-127m,10.0,0.0,0.0,0,0.0,0,0.0,6e-05
Te-129,100.0,0.0,0.0,0,0.0,0,0.0,0.0333
Te-129m,10.0,0.0,0.0,0,0.0,0,0.0,0.017
Te-131,100.0,0.0,0.0,0,0.0,0,0.0,0.195
Te-131m,10.0,0.0,0.0,0,0.0,0,0.0,0.673
Te-132,1.0,0.0,0.0,0,0.0,0,0.0,0.0964
Te-133,10.0,0.0,0.0,0,0.0,0,0.0,0.524
Te-133m,10.0,0.0,0.0,0,0.0,0,0.0,0.765
Te-134,10.0,0.0,0.0,0,0.0,0,0.0,0.471
Th-226,1000.0,0.0,0.0,0,0.0,0,0.0,0.00153
Th-227,10.0,0.0,0.0,0,0.0,0,0.0,0.0742
Th-228,0.1,0.1,0.1,3700,0.0,3,0.0,0.00036
Th-229,0.1,0.1,0.1,3700,0.0,2,0.0,0.0111
Th-230,0.1,1.0,0.1,3700,0.0,2,0.0,4e-05
Th-231,1000.0,0.0,0.0,0,0.0,0,0.0,0.00025
Th-232,0.1,0.01,0.1,37,1100.0,2,0.0,1e-05
Th-234,100.0,0.0,0.0,0,0.0,0,0.0,2e-05
Ti-44,0.1,0.1,1.0,0,0.0,1,0.0,3e-05
Ti-45,10.0,0.0,0.0,0,0.0,0,0.0,0.528
Tl-194,10.0,0.0,0.0,0,0.0,0,0.0,0.578
Tl-194m,10.0,0.0,0.0,0,0.0,0,0.0,1.27
Tl-195,10.0,0.0,0.0,0,0.0,0,0.0,0.46
Tl-197,100.0,0.0,0.0,0,0.0,0,0.0,0.184
Tl-198,10.0,0.0,0.0,0,0.0,0,0.0,0.743
Tl-198m,10.0,0.0,0.0,0,0.0,0,0.0,0.673
Tl-199,100.0,0.0,0.0,0,0.0,0,0.0,0.0955
Tl-200,10.0,0.0,0.0,0,0.0,0,0.0,0.599
Tl-201,100.0,0.0,0.0,0,0.0,0,0.0,0.00654
Tl-202,10.0,0.0,0.0,0,0.0,0,0.0,0.246
Tl-204,1.0,10.0,1.0,37000,3300000000.0,1,0.0,0.0
Tl-208,10.0,0.0,0.0,0,0.0,0,0.0,0.899
Tl-209,100.0,0.0,0.0,0,0.0,0,0.0,0.775
Tm-162,10.0,0.0,0.0,0,0.0,0,0.0,0.532
Tm-166,10.0,0.0,0.0,0,0.0,0,0.0,0.747
Tm-167,100.0,0.0,0.0,0,0.0,0,0.0,0.0435
Tm-170,100.0,0.0,0.0,0,0.0,0,0.0,0.0
Tm-171,1000.0,10.0,1.0,0,0.0,1,0.0,0.0
Tm-172,10.0,0.0,0.0,0,0.0,0,0.0,0.168
Tm-173,100.0,0.0,0.0,0,0.0,0,0.0,0.23
Tm-175,10.0,0.0,0.0,0,0.0,0,0.0,0.633
U-230,10.0,0.0,0.0,0,0.0,0,0.0,0.00024
U-231,100.0,0.0,0.0,0,0.0,0,0.0,0.00098
U-232,0.1,1.0,0.1,3700,0.0,2,0.0,2e-05
U-233,1.0,1.0,0.1,3700,0.0,2,0.0,6e-05
U-234,1.0,1.0,1.0,3700,0.0,2,0.0,1e-05
U-235,1.0,0.1,0.1,3700,0.0,2,0.0,0.0553
U-236,10.0,1.0,0.1,3700,0.0,2,0.0,0.0
U-237,100.0,0.0,0.0,0,0.0,0,0.0,0.0254
U-238,1.0,1.0,1.0,3700,0.0,2,0.0,0.0
U-239,100.0,0.0,0.0,0,0.0,0,0.0,0.00536
U-240,100.0,0.0,0.0,0,0.0,0,0.0,0.00035
V-47,10.0,0.0,0.0,0,0.0,0,0.0,0.602
V-48,1.0,0.0,0.0,0,0.0,0,0.0,1.34
V-49,10000.0,10.0,1.0,0,0.0,1,0.0,0.0
W-176,100.0,0.0,0.0,0,0.0,0,0.0,0.0
W-177,10.0,0.0,0.0,0,0.0,0,0.0,0.341
W-178,10.0,0.0,0.0,0,0.0,0,0.0,0.0
W-179,100.0,0.0,0.0,0,0.0,0,0.0,3e-05
W-181,10.0,0.0,0.0,0,0.0,0,0.0,4e-05
W-185,1000.0,0.0,0.0,0,0.0,0,0.0,0.0
W-187,10.0,0.0,0.0,0,0.0,0,0.0,0.298
W-188,10.0,0.0,0.0,0,0.0,0,0.0,0.00089
Xe-122,0.0,0.0,0.0,0,0.0,0,0.0,0.024
Xe-123,0.0,0.0,0.0,0,0.0,0,0.0,0.288
Xe-125,0.0,0.0,0.0,0,0.0,0,0.0,0.11
Xe-127,0.0,0.0,1.0,0,0.0,1,0.0,0.115
Xe-129m,0.0,0.0,1.0,0,0.0,1,0.0,0.00386
Xe-131m,0.0,0.0,1.0,0,0.0,1,0.0,0.00104
Xe-133,0.0,0.0,1.0,0,0.0,1,0.0,5e-05
Xe-133m,0.0,0.0,1.0,0,0.0,1,0.0,0.0115
Xe-135,0.0,0.0,0.0,0,0.0,0,0.0,0.127
Xe-135m,0.0,0.0,0.0,0,0.0,0,0.0,0.258
Xe-137,0.0,0.0,0.0,0,0.0,0,0.0,0.102
Xe-138,0.0,0.0,0.0,0,0.0,0,0.0,0.367
Y-86,1.0,0.0,0.0,0,0.0,0,0.0,1.58
Y-86m,100.0,0.0,0.0,0,0.0,0,0.0,0.0986
Y-87,10.0,0.0,0.0,0,0.0,0,0.0,0.266
Y-88,0.1,0.0,0.0,0,0.0,0,0.0,0.919
Y-90,1000.0,0.0,0.0,0,0.0,0,0.0,0.0
Y-90m,10.0,0.0,0.0,0,0.0,0,0.0,0.35
Y-91,100.0,0.0,0.0,0,0.0,0,0.0,0.0013
Y-91m,100.0,0.0,0.0,0,0.0,0,0.0,0.319
Y-92,100.0,0.0,0.0,0,0.0,0,0.0,0.118
Y-93,100.0,0.0,0.0,0,0.0,0,0.0,0.037
Y-94,10.0,0.0,0.0,0,0.0,0,0.0,0.359
Y-95,10.0,0.0,0.0,0,0.0,0,0.0,0.238
Yb-162,100.0,0.0,0.0,0,0.0,0,0.0,0.0811
Yb-166,100.0,0.0,0.0,0,0.0,0,0.0,0.0
Yb-167,100.0,0.0,0.0,0,0.0,0,0.0,0.0306
Yb-169,10.0,0.0,0.0,0,0.0,0,0.0,0.0686
Yb-175,100.0,0.0,0.0,0,0.0,0,0.0,0.0415
Yb-177,100.0,0.0,0.0,0,0.0,0,0.0,0.0798
Yb-178,1000.0,0.0,0.0,0,0.0,0,0.0,0.364
Zn-62,100.0,0.0,0.0,0,0.0,0,0.0,0.256
Zn-63,10.0,0.0,0.0,0,0.0,0,0.0,0.65
Zn-65,0.1,0.1,1.0,10000,600000000.0,1,0.258,0.26
Zn-69,1000.0,0.0,0.0,0,0.0,0,0.0,0.0
Zn-69m,10.0,0.0,0.0,0,0.0,0,0.0,0.252
Zn-71m,10.0,0.0,0.0,0,0.0,0,0.0,0.891
Zn-72,1.0,0.0,0.0,0,0.0,0,0.0,0.0372
Zr-86,10.0,0.0,0.0,0,0.0,0,0.0,0.137
Zr-88,1.0,0.0,0.0,0,0.0,0,0.229,0.229
Zr-89,10.0,0.0,0.0,0,0.0,0,0.0,0.147
Zr-93,10.0,1.0,0.01,0,18000.0,1,0.0,0.0
Zr-95,1.0,0.0,0.0,0,0.0,0,0.383,0.416
Zr-97,10.0,0.0,0.0,0,0.0,0,0.0,0.0744
